"","Chisq","Df","Pr(>Chisq)"
"Gear",6.33315573564469,2,0.0421475860000373
