"","Chisq","Df","Pr(>Chisq)"
"Gear",14.6722267899141,2,0.000651578032509933
