"","Chisq","Df","Pr(>Chisq)"
"Gear",7.73473530767334,2,0.0209133482037861
