"","Chisq","Df","Pr(>Chisq)"
"Gear",62.7539549008016,2,2.36130362856878e-14
