"Gear","response","SE","df","asymp.LCL","asymp.UCL",".group"
"Cast Net",2.81758019365176,0.27545947176816,Inf,2.3262637130647,3.412664739201," a "
"Seine",2.94754352160966,0.295724799175745,Inf,2.42136256085984,3.58806770709211," ab"
"Centipede Net",3.87918910702455,0.338987043777401,Inf,3.26857010524062,4.60388109893399,"  b"
