"Gear","response","SE","df","asymp.LCL","asymp.UCL",".group"
"Cast Net",2.40187787458223,0.212812047644908,Inf,2.01898204239809,2.85738912147797," a"
"Seine",2.40700999382659,0.222469059028176,Inf,2.00819175876865,2.8850318128651," a"
"Centipede Net",3.09246319734557,0.247721895701288,Inf,2.64313292190522,3.61817922499462," a"
