"Gear","response","SE","df","asymp.LCL","asymp.UCL",".group"
"Cast Net",11.2939431463399,2.67723171712438,Inf,7.09689015581628,17.9731049786955," a  "
"Centipede Net",23.2914251902523,5.54477466231844,Inf,14.6069104605965,37.1393039518207,"  b "
"Seine",96.5356914575932,23.7494891986003,Inf,59.604254727935,156.350243245773,"   c"
