"Gear","rate","SE","df","asymp.LCL","asymp.UCL",".group"
"Cast Net",3.64525539409963,0.423703888846415,Inf,2.9026127844785,4.57790545100208," a "
"Seine",5.33905232012959,0.562264986479082,Inf,4.34332818026493,6.56304992254635,"  b"
"Centipede Net",5.769791051434,0.585318921922163,Inf,4.72943848498759,7.03899392768932,"  b"
