"Site","DominantSubstrate","DaylightHrs","DaylightPercent","SecchiDepth_cm","pH","DO_PPM","PSU","Temperature_C","MudDominant","Steepness","OcclusionGroupAvg","OcclusionSTDev"
"Bebedero","Mud",1.74336419753086,39.8357011810572,19.7805555555556,7.585,5.76866666666667,6.10222222222222,26.8193333333333,1,2,23.1914835158191,8.56248852945817
"Chira","Shells",2.74055555555556,63.3254252728929,41.9333333333333,7.83111111111111,6.95222222222222,27.786,30.0791666666667,0,1,22.3690061074023,9.47455025776148
"Colorado","Mud",3.41322530864198,67.5063648458963,24.5666666666667,7.86333333333333,5.87416666666667,25.3994444444444,31.3373333333333,1,0,19.1697851242082,9.58638302953839
"Lepanto","Mud",2.81444444444444,62.0291021743136,37.9766666666667,8.03333333333333,8.53111111111111,28.2386666666667,32.602,1,0,28.1541708550224,5.51417882115031
"Punta Morales","Mud",2.72993827160494,45.725383058983,40.0222222222222,7.82833333333333,6.14133333333333,29.3072222222222,28.15,1,1,27.1781821144808,10.2978273919505
"Tivives","Sand",2.30530864197531,77.1818518451247,102.7,7.675,7.70133333333333,23.2194444444444,27.714,0,2,15.3319843894548,13.5812071542334
