"Site","Cast Net","Centipede Net","Seine","All Gears"
"Bebedero",11.3333333333333,9.70497073070851,63,28.0127680213473
"Chira",3.2,20.3161871094849,67.8,30.438729036495
"Colorado",5.95833333333333,22.8024514843606,251,93.2535949392313
"Lepanto",5.9,56.7093477665785,36.3,32.9697825888595
"Punta Morales",6.48148148148148,15.6280357221148,361.625,127.911505734532
"Tivives",3.16666666666667,10.8515170380633,28.875,14.2977279015767
"All Sites",6.09232026143791,22.0666062785981,147.048387096774,58.4024378789367
