"Gear","Total Samples","Total Catch (n)","Species Richness","Shannon Diversity","Simpson Diversity","Mean Catch (n)","Mean Richness","Mean Shannon Diversity","Mean Simpson Diversity","Mean Biomass (g)","Mean CPUE","Mean Effort","Effort Unit"
"Cast Net",34,404,46,31.0475428937496,20.3620457604307,11.8823529411765,3.61764705882353,2.75124611354045,2.34996195088106,346.727352941176,6.09232026143791,19.3823529411765,"Throws"
"Centipede Net",33,761,54,33.1100464426221,20.8189158016148,23.0606060606061,5.75757575757576,3.90424883573996,3.1371282462598,846.825212121212,22.0666062785981,14.2671717171717,"Net Group Hours"
"Seine",31,3207,49,28.108168331892,18.609022556391,103.451612903226,5.32258064516129,2.95560997139238,2.4222415694578,315.323720430108,147.048387096774,1.35483870967742,"Hauls"
"Cast Net & Centipede Net",33,1165,75,40.5844666510141,23.1550460883952,NA,NA,NA,NA,NA,NA,NA,NA
"Cast Net & Seine",31,3611,68,35.1705351460261,20.7671507260891,NA,NA,NA,NA,NA,NA,NA,NA
"Centipede Net & Seine",30,3968,74,37.5220106832975,22.4124133025076,NA,NA,NA,NA,NA,NA,NA,NA
"All Gears",30,4372,87,41.1294185160719,23.0605571255551,44.6122448979592,4.87755102040816,3.20414784237712,2.6378921133645,505.193850340136,NA,NA,NA
